﻿pos_x,pos_y,rotation,side,designator,mpn,pack,value,mount_type,place
182.472698,-127.7965,0.0,top,BAT_EXT_L1,,JST_PH_B2B-PH-SM4-TB_02x2.00mm_Straight,Conn_01x02_Socket,smt,True
213.614,-128.016,0.0,top,BAT_EXT_R1,,JST_PH_B2B-PH-SM4-TB_02x2.00mm_Straight,Conn_01x02_Socket,smt,True
75.415698,-114.3585,0.0,bottom,BAT_L1,,JST_PH_B2B-PH-SM4-TB_02x2.00mm_Straight,Conn_01x02_Socket,smt,True
67.287698,-114.6125,0.0,bottom,BAT_L2,,JST_GH_BM02B-GHS-TBT_02x1.25mm_Straight,Conn_01x02_Socket,smt,True
322.072,-114.445,0.0,bottom,BAT_R1,,JST_PH_B2B-PH-SM4-TB_02x2.00mm_Straight,Conn_01x02_Socket,smt,True
330.264,-114.808,0.0,bottom,BAT_R2,,JST_GH_BM02B-GHS-TBT_02x1.25mm_Straight,Conn_01x02_Socket,smt,True
65.762698,-122.6135,180.0,bottom,C1,,C_0805_2012Metric,10uf,smt,True
162.470698,-135.3135,0.0,bottom,C2,,C_0805_2012Metric,10uf,smt,True
65.884698,-153.0935,180.0,bottom,C3,,C_0805_2012Metric,10uf,smt,True
162.470698,-165.7935,0.0,bottom,C4,,C_0805_2012Metric,10uf,smt,True
331.47,-124.206,0.0,bottom,C5,,C_0805_2012Metric,10uf,smt,True
235.016,-133.858,180.0,bottom,C6,,C_0805_2012Metric,10uf,smt,True
331.536,-154.686,0.0,bottom,C7,,C_0805_2012Metric,10uf,smt,True
234.762,-164.338,180.0,bottom,C8,,C_0805_2012Metric,10uf,smt,True
210.312,-192.532,180.0,bottom,D27,,D_0805,D,smt,True
228.28,-185.42,180.0,bottom,D28,,D_0805,D,smt,True
234.95,-121.666,180.0,bottom,D29,,D_0805,D,smt,True
234.884,-136.906,180.0,bottom,D30,,D_0805,D,smt,True
234.95,-152.146,180.0,bottom,D31,,D_0805,D,smt,True
234.95,-167.386,180.0,bottom,D32,,D_0805,D,smt,True
252.222,-119.634,180.0,bottom,D33,,D_0805,D,smt,True
252.156,-134.874,180.0,bottom,D34,,D_0805,D,smt,True
252.156,-150.114,180.0,bottom,D35,,D_0805,D,smt,True
252.222,-165.354,180.0,bottom,D36,,D_0805,D,smt,True
269.428,-117.602,180.0,bottom,D37,,D_0805,D,smt,True
269.428,-132.842,180.0,bottom,D38,,D_0805,D,smt,True
269.428,-148.082,180.0,bottom,D39,,D_0805,D,smt,True
269.494,-163.322,180.0,bottom,D40,,D_0805,D,smt,True
286.7,-113.538,180.0,bottom,D41,,D_0805,D,smt,True
286.7,-128.778,180.0,bottom,D42,,D_0805,D,smt,True
286.7,-144.018,180.0,bottom,D43,,D_0805,D,smt,True
286.7,-159.258,180.0,bottom,D44,,D_0805,D,smt,True
304.038,-117.602,180.0,bottom,D45,,D_0805,D,smt,True
303.972,-132.842,180.0,bottom,D46,,D_0805,D,smt,True
304.104,-148.082,180.0,bottom,D47,,D_0805,D,smt,True
304.038,-163.322,180.0,bottom,D48,,D_0805,D,smt,True
321.376,-125.73,180.0,bottom,D49,,D_0805,D,smt,True
321.31,-140.97,180.0,bottom,D50,,D_0805,D,smt,True
321.244,-156.21,180.0,bottom,D51,,D_0805,D,smt,True
321.244,-171.45,180.0,bottom,D52,,D_0805,D,smt,True
193.802,-109.7865,0.0,top,H_L1,,MountingHole_2.5mm_Pad_TopBottom,MountingHole,tht,True
193.548,-185.4785,0.0,top,H_L2,,MountingHole_2.5mm_Pad_TopBottom,MountingHole,tht,True
153.924,-181.4145,0.0,top,H_L3,,MountingHole_2.5mm_Pad_TopBottom,MountingHole,tht,True
82.804,-176.5885,0.0,top,H_L4,,MountingHole_2.5mm_Pad_TopBottom,MountingHole,tht,True
65.024,-109.0245,0.0,top,H_L5,,MountingHole_2.5mm_Pad_TopBottom,MountingHole,tht,True
203.962,-109.7865,0.0,top,H_R1,,MountingHole_2.5mm_Pad_TopBottom,MountingHole,tht,True
332.74,-109.0245,0.0,top,H_R2,,MountingHole_2.5mm_Pad_TopBottom,MountingHole,tht,True
314.96,-176.5885,0.0,top,H_R3,,MountingHole_2.5mm_Pad_TopBottom,MountingHole,tht,True
243.84,-181.4145,0.0,top,H_R4,,MountingHole_2.5mm_Pad_TopBottom,MountingHole,tht,True
204.216,-185.4785,0.0,top,H_R5,,MountingHole_2.5mm_Pad_TopBottom,MountingHole,tht,True
118.274698,-110.1675,90.0,top,IOExp_Pinout_L1,,PinHeader_1x06_P2.54mm_Vertical,Conn_01x06_Pin,tht,True
279.654,-110.236,-90.0,top,IOExp_Pinout_R1,,PinHeader_1x06_P2.54mm_Vertical,Conn_01x06_Pin,tht,True
171.106698,-120.8355,180.0,bottom,IO_L1,,QFN50P400X400X80-25N,TCA8418RTWR,smt,True
226.314,-120.904,-90.0,bottom,IO_R1,,QFN50P400X400X80-25N,TCA8418RTWR,smt,True
173.496698,-173.5405,0.0,top,JP_L1,,SolderJumper-2_P1.3mm_Open_TrianglePad1.0x1.5mm,SolderJumper_2_Open,tht,True
165.077698,-110.2945,180.0,top,JP_L2,,SolderJumper-3_P1.3mm_Bridged12_RoundedPad1.0x1.5mm,SolderJumper_3_Bridged12,tht,True
224.536,-180.086,180.0,top,JP_R1,,SolderJumper-2_P1.3mm_Open_TrianglePad1.0x1.5mm,SolderJumper_2_Open,tht,True
232.44,-110.236,0.0,top,JP_R2,,SolderJumper-3_P1.3mm_Bridged12_RoundedPad1.0x1.5mm,SolderJumper_3_Bridged12,tht,True
101.2,-34.525,0.0,bottom,LED_L1,,SK6812-MINI-E,SK6812MINI-E,tht,True
139.3,-58.3375,0.0,bottom,LED_L10,,SK6812-MINI-E,SK6812MINI-E,tht,True
63.1,-60.71875,0.0,bottom,LED_L11,,SK6812-MINI-E,SK6812MINI-E,tht,True
44.05,-65.5765,0.0,bottom,LED_L12,,SK6812-MINI-E,SK6812MINI-E,tht,True
101.2,-72.625,0.0,bottom,LED_L13,,SK6812-MINI-E,SK6812MINI-E,tht,True
82.15,-75.00625,0.0,bottom,LED_L14,,SK6812-MINI-E,SK6812MINI-E,tht,True
120.25,-75.00625,0.0,bottom,LED_L15,,SK6812-MINI-E,SK6812MINI-E,tht,True
139.3,-77.3875,0.0,bottom,LED_L16,,SK6812-MINI-E,SK6812MINI-E,tht,True
63.1,-79.76875,0.0,bottom,LED_L17,,SK6812-MINI-E,SK6812MINI-E,tht,True
44.05,-84.6265,0.0,bottom,LED_L18,,SK6812-MINI-E,SK6812MINI-E,tht,True
101.2,-91.675,0.0,bottom,LED_L19,,SK6812-MINI-E,SK6812MINI-E,tht,True
82.15,-36.90625,0.0,bottom,LED_L2,,SK6812-MINI-E,SK6812MINI-E,tht,True
82.15,-94.05625,0.0,bottom,LED_L20,,SK6812-MINI-E,SK6812MINI-E,tht,True
120.25,-94.05625,0.0,bottom,LED_L21,,SK6812-MINI-E,SK6812MINI-E,tht,True
139.3,-96.4375,0.0,bottom,LED_L22,,SK6812-MINI-E,SK6812MINI-E,tht,True
63.1,-98.81875,0.0,bottom,LED_L23,,SK6812-MINI-E,SK6812MINI-E,tht,True
44.05,-103.6765,0.0,bottom,LED_L24,,SK6812-MINI-E,SK6812MINI-E,tht,True
152.311392,-118.973892,-30.0,bottom,LED_L25,,SK6812-MINI-E,SK6812MINI-E,tht,True
168.809176,-128.498892,-30.0,bottom,LED_L26,,SK6812-MINI-E,SK6812MINI-E,tht,True
120.25,-36.90625,0.0,bottom,LED_L3,,SK6812-MINI-E,SK6812MINI-E,tht,True
139.3,-39.2875,0.0,bottom,LED_L4,,SK6812-MINI-E,SK6812MINI-E,tht,True
63.1,-41.66875,0.0,bottom,LED_L5,,SK6812-MINI-E,SK6812MINI-E,tht,True
44.05,-46.5265,0.0,bottom,LED_L6,,SK6812-MINI-E,SK6812MINI-E,tht,True
101.2,-53.575,0.0,bottom,LED_L7,,SK6812-MINI-E,SK6812MINI-E,tht,True
82.15,-55.95625,0.0,bottom,LED_L8,,SK6812-MINI-E,SK6812MINI-E,tht,True
120.25,-55.95625,0.0,bottom,LED_L9,,SK6812-MINI-E,SK6812MINI-E,tht,True
240.03,-119.38,180.0,top,LED_R1,,SK6812-MINI-E,SK6812MINI-E,tht,True
274.574,-130.556,0.0,top,LED_R10,,SK6812-MINI-E,SK6812MINI-E,tht,True
257.302,-132.588,0.0,top,LED_R11,,SK6812-MINI-E,SK6812MINI-E,tht,True
240.03,-134.62,0.0,top,LED_R12,,SK6812-MINI-E,SK6812MINI-E,tht,True
240.03,-149.86,180.0,top,LED_R13,,SK6812-MINI-E,SK6812MINI-E,tht,True
257.302,-147.828,180.0,top,LED_R14,,SK6812-MINI-E,SK6812MINI-E,tht,True
274.574,-145.796,180.0,top,LED_R15,,SK6812-MINI-E,SK6812MINI-E,tht,True
291.846,-141.732,180.0,top,LED_R16,,SK6812-MINI-E,SK6812MINI-E,tht,True
309.118,-145.796,180.0,top,LED_R17,,SK6812-MINI-E,SK6812MINI-E,tht,True
326.39,-153.924,180.0,top,LED_R18,,SK6812-MINI-E,SK6812MINI-E,tht,True
326.39,-169.164,0.0,top,LED_R19,,SK6812-MINI-E,SK6812MINI-E,tht,True
257.302,-117.348,180.0,top,LED_R2,,SK6812-MINI-E,SK6812MINI-E,tht,True
309.118,-161.036,0.0,top,LED_R20,,SK6812-MINI-E,SK6812MINI-E,tht,True
291.856,-157.238,0.0,top,LED_R21,,SK6812-MINI-E,SK6812MINI-E,tht,True
274.574,-161.036,0.0,top,LED_R22,,SK6812-MINI-E,SK6812MINI-E,tht,True
257.302,-163.068,0.0,top,LED_R23,,SK6812-MINI-E,SK6812MINI-E,tht,True
240.03,-165.1,0.0,top,LED_R24,,SK6812-MINI-E,SK6812MINI-E,tht,True
232.41,-182.372,0.0,top,LED_R25,,SK6812-MINI-E,SK6812MINI-E,tht,True
214.122,-188.468,0.0,top,LED_R26,,SK6812-MINI-E,SK6812MINI-E,tht,True
274.574,-115.316,180.0,top,LED_R3,,SK6812-MINI-E,SK6812MINI-E,tht,True
291.846,-111.252,180.0,top,LED_R4,,SK6812-MINI-E,SK6812MINI-E,tht,True
309.118,-115.316,180.0,top,LED_R5,,SK6812-MINI-E,SK6812MINI-E,tht,True
326.39,-123.444,180.0,top,LED_R6,,SK6812-MINI-E,SK6812MINI-E,tht,True
326.39,-138.684,0.0,top,LED_R7,,SK6812-MINI-E,SK6812MINI-E,tht,True
309.118,-130.556,0.0,top,LED_R8,,SK6812-MINI-E,SK6812MINI-E,tht,True
291.846,-126.492,0.0,top,LED_R9,,SK6812-MINI-E,SK6812MINI-E,tht,True
106.28,-37.555,90.0,bottom,L_D1,,D_0805,D,smt,True
144.38,-61.3675,90.0,bottom,L_D10,,D_0805,D,smt,True
68.18,-63.74875,90.0,bottom,L_D11,,D_0805,D,smt,True
49.13,-68.6065,90.0,bottom,L_D12,,D_0805,D,smt,True
106.28,-75.655,90.0,bottom,L_D13,,D_0805,D,smt,True
87.23,-78.03625,90.0,bottom,L_D14,,D_0805,D,smt,True
125.33,-78.03625,90.0,bottom,L_D15,,D_0805,D,smt,True
144.38,-80.4175,90.0,bottom,L_D16,,D_0805,D,smt,True
68.18,-82.79875,90.0,bottom,L_D17,,D_0805,D,smt,True
49.13,-87.6565,90.0,bottom,L_D18,,D_0805,D,smt,True
106.28,-94.705,90.0,bottom,L_D19,,D_0805,D,smt,True
87.23,-39.93625,90.0,bottom,L_D2,,D_0805,D,smt,True
87.23,-97.08625,90.0,bottom,L_D20,,D_0805,D,smt,True
125.33,-97.08625,90.0,bottom,L_D21,,D_0805,D,smt,True
144.38,-99.4675,90.0,bottom,L_D22,,D_0805,D,smt,True
68.18,-101.84875,90.0,bottom,L_D23,,D_0805,D,smt,True
49.13,-106.7065,90.0,bottom,L_D24,,D_0805,D,smt,True
155.195801,-124.137948,60.0,bottom,L_D25,,D_0805,D,smt,True
171.693585,-133.662948,60.0,bottom,L_D26,,D_0805,D,smt,True
125.33,-39.93625,90.0,bottom,L_D3,,D_0805,D,smt,True
144.38,-42.3175,90.0,bottom,L_D4,,D_0805,D,smt,True
68.18,-44.69875,90.0,bottom,L_D5,,D_0805,D,smt,True
49.13,-49.5565,90.0,bottom,L_D6,,D_0805,D,smt,True
106.28,-56.605,90.0,bottom,L_D7,,D_0805,D,smt,True
87.23,-58.98625,90.0,bottom,L_D8,,D_0805,D,smt,True
125.33,-58.98625,90.0,bottom,L_D9,,D_0805,D,smt,True
101.2,-34.525,0.0,top,L_SW1,,SW_Hotswap_Kailh_Choc_V1V2_Plated_1.00u,L_SW,smt,True
139.3,-58.3375,0.0,top,L_SW10,,SW_Hotswap_Kailh_Choc_V1V2_Plated_1.00u,L_SW,smt,True
63.1,-60.71875,0.0,top,L_SW11,,SW_Hotswap_Kailh_Choc_V1V2_Plated_1.00u,L_SW,smt,True
44.05,-65.5765,0.0,top,L_SW12,,SW_Hotswap_Kailh_Choc_V1V2_Plated_1.00u,L_SW,smt,True
101.2,-72.625,0.0,top,L_SW13,,SW_Hotswap_Kailh_Choc_V1V2_Plated_1.00u,L_SW,smt,True
82.15,-75.00625,0.0,top,L_SW14,,SW_Hotswap_Kailh_Choc_V1V2_Plated_1.00u,L_SW,smt,True
120.25,-75.00625,0.0,top,L_SW15,,SW_Hotswap_Kailh_Choc_V1V2_Plated_1.00u,L_SW,smt,True
139.3,-77.3875,0.0,top,L_SW16,,SW_Hotswap_Kailh_Choc_V1V2_Plated_1.00u,L_SW,smt,True
63.1,-79.76875,0.0,top,L_SW17,,SW_Hotswap_Kailh_Choc_V1V2_Plated_1.00u,L_SW,smt,True
44.05,-84.6265,0.0,top,L_SW18,,SW_Hotswap_Kailh_Choc_V1V2_Plated_1.00u,L_SW,smt,True
101.2,-91.675,0.0,top,L_SW19,,SW_Hotswap_Kailh_Choc_V1V2_Plated_1.00u,L_SW,smt,True
82.15,-36.90625,0.0,top,L_SW2,,SW_Hotswap_Kailh_Choc_V1V2_Plated_1.00u,L_SW,smt,True
82.15,-94.05625,0.0,top,L_SW20,,SW_Hotswap_Kailh_Choc_V1V2_Plated_1.00u,L_SW,smt,True
120.25,-94.05625,0.0,top,L_SW21,,SW_Hotswap_Kailh_Choc_V1V2_Plated_1.00u,L_SW,smt,True
139.3,-96.4375,0.0,top,L_SW22,,SW_Hotswap_Kailh_Choc_V1V2_Plated_1.00u,L_SW,smt,True
63.1,-98.81875,0.0,top,L_SW23,,SW_Hotswap_Kailh_Choc_V1V2_Plated_1.00u,L_SW,smt,True
44.05,-103.6765,0.0,top,L_SW24,,SW_Hotswap_Kailh_Choc_V1V2_Plated_1.00u,L_SW,smt,True
152.311392,-118.973892,-30.0,top,L_SW25,,SW_Hotswap_Kailh_Choc_V1V2_Plated_1.00u,L_SW,smt,True
168.809176,-128.498892,-30.0,top,L_SW26,,SW_Hotswap_Kailh_Choc_V1V2_Plated_1.00u,L_SW,smt,True
120.25,-36.90625,0.0,top,L_SW3,,SW_Hotswap_Kailh_Choc_V1V2_Plated_1.00u,L_SW,smt,True
139.3,-39.2875,0.0,top,L_SW4,,SW_Hotswap_Kailh_Choc_V1V2_Plated_1.00u,L_SW,smt,True
63.1,-41.66875,0.0,top,L_SW5,,SW_Hotswap_Kailh_Choc_V1V2_Plated_1.00u,L_SW,smt,True
44.05,-46.5265,0.0,top,L_SW6,,SW_Hotswap_Kailh_Choc_V1V2_Plated_1.00u,L_SW,smt,True
101.2,-53.575,0.0,top,L_SW7,,SW_Hotswap_Kailh_Choc_V1V2_Plated_1.00u,L_SW,smt,True
82.15,-55.95625,0.0,top,L_SW8,,SW_Hotswap_Kailh_Choc_V1V2_Plated_1.00u,L_SW,smt,True
120.25,-55.95625,0.0,top,L_SW9,,SW_Hotswap_Kailh_Choc_V1V2_Plated_1.00u,L_SW,smt,True
216.154,-193.04,-155.0,top,R_SW1,,SW_Hotswap_Kailh_Choc_V1V2_Plated_1.00u,L_SW,smt,True
257.302,-168.148,180.0,top,R_SW10,,SW_Hotswap_Kailh_Choc_V1V2_Plated_1.00u,L_SW,smt,True
274.574,-120.396,180.0,top,R_SW11,,SW_Hotswap_Kailh_Choc_V1V2_Plated_1.00u,L_SW,smt,True
274.574,-135.636,180.0,top,R_SW12,,SW_Hotswap_Kailh_Choc_V1V2_Plated_1.00u,L_SW,smt,True
274.574,-150.876,180.0,top,R_SW13,,SW_Hotswap_Kailh_Choc_V1V2_Plated_1.00u,L_SW,smt,True
274.574,-166.116,180.0,top,R_SW14,,SW_Hotswap_Kailh_Choc_V1V2_Plated_1.00u,L_SW,smt,True
291.846,-116.332,180.0,top,R_SW15,,SW_Hotswap_Kailh_Choc_V1V2_Plated_1.00u,L_SW,smt,True
291.846,-131.572,180.0,top,R_SW16,,SW_Hotswap_Kailh_Choc_V1V2_Plated_1.00u,L_SW,smt,True
291.846,-146.812,180.0,top,R_SW17,,SW_Hotswap_Kailh_Choc_V1V2_Plated_1.00u,L_SW,smt,True
291.846,-162.052,180.0,top,R_SW18,,SW_Hotswap_Kailh_Choc_V1V2_Plated_1.00u,L_SW,smt,True
309.118,-120.396,180.0,top,R_SW19,,SW_Hotswap_Kailh_Choc_V1V2_Plated_1.00u,L_SW,smt,True
233.426,-187.452,-170.0,top,R_SW2,,SW_Hotswap_Kailh_Choc_V1V2_Plated_1.00u,L_SW,smt,True
309.118,-135.636,180.0,top,R_SW20,,SW_Hotswap_Kailh_Choc_V1V2_Plated_1.00u,L_SW,smt,True
309.118,-150.876,180.0,top,R_SW21,,SW_Hotswap_Kailh_Choc_V1V2_Plated_1.00u,L_SW,smt,True
309.118,-166.116,180.0,top,R_SW22,,SW_Hotswap_Kailh_Choc_V1V2_Plated_1.00u,L_SW,smt,True
326.39,-128.524,180.0,top,R_SW23,,SW_Hotswap_Kailh_Choc_V1V2_Plated_1.00u,L_SW,smt,True
326.39,-143.764,180.0,top,R_SW24,,SW_Hotswap_Kailh_Choc_V1V2_Plated_1.00u,L_SW,smt,True
326.39,-159.004,180.0,top,R_SW25,,SW_Hotswap_Kailh_Choc_V1V2_Plated_1.00u,L_SW,smt,True
326.39,-174.244,180.0,top,R_SW26,,SW_Hotswap_Kailh_Choc_V1V2_Plated_1.00u,L_SW,smt,True
240.03,-124.46,180.0,top,R_SW3,,SW_Hotswap_Kailh_Choc_V1V2_Plated_1.00u,L_SW,smt,True
240.03,-139.7,180.0,top,R_SW4,,SW_Hotswap_Kailh_Choc_V1V2_Plated_1.00u,L_SW,smt,True
240.03,-154.94,180.0,top,R_SW5,,SW_Hotswap_Kailh_Choc_V1V2_Plated_1.00u,L_SW,smt,True
240.03,-170.18,180.0,top,R_SW6,,SW_Hotswap_Kailh_Choc_V1V2_Plated_1.00u,L_SW,smt,True
257.302,-122.428,180.0,top,R_SW7,,SW_Hotswap_Kailh_Choc_V1V2_Plated_1.00u,L_SW,smt,True
257.302,-137.668,180.0,top,R_SW8,,SW_Hotswap_Kailh_Choc_V1V2_Plated_1.00u,L_SW,smt,True
257.302,-152.908,180.0,top,R_SW9,,SW_Hotswap_Kailh_Choc_V1V2_Plated_1.00u,L_SW,smt,True
135.546698,-110.1675,90.0,top,S3_Pinout_L1,,PinHeader_1x10_P2.54mm_Vertical,Conn_01x10_Pin,tht,True
261.874,-110.236,-90.0,top,S3_Pinout_R1,,PinHeader_1x10_P2.54mm_Vertical,Conn_01x10_Pin,tht,True
88.302698,-109.1515,0.0,bottom,SW_L1,,PCM13SMTR,PCM13SMTR,tht,True
309.142,-108.994,0.0,bottom,SW_R1,,PCM13SMTR,PCM13SMTR,tht,True
171.612834,-127.4395,180.0,top,T-Display-S3_L1,,T-Display-S3,T-Display-S3,smt,True
202.944136,-127.508,180.0,top,T-Display-S3_R1,,T-Display-S3,T-Display-S3,smt,True
183.404698,-176.7155,180.0,top,TRRS_L1,,TRRS-PJ-320A,PRT-12639,tht,True
71.538698,-187.8915,0.0,top,TRRS_L2,,TRRS-PJ-320A,PRT-12639,tht,True
214.128,-176.784,0.0,top,TRRS_R1,,TRRS-PJ-320A,PRT-12639,tht,True
325.882,-188.162,180.0,top,TRRS_R2,,TRRS-PJ-320A,PRT-12639,tht,True
