﻿designator,quantity,value,pack,mpn,mount_type
"BAT_EXT_L1, BAT_EXT_R1, BAT_L1, BAT_R1",4,Conn_01x02_Socket,JST_PH_B2B-PH-SM4-TB_02x2.00mm_Straight,,smt
"BAT_L2, BAT_R2",2,Conn_01x02_Socket,JST_GH_BM02B-GHS-TBT_02x1.25mm_Straight,,smt
"C1, C2, C3, C4, C5, C6, C7, C8",8,10uf,C_0805_2012Metric,,smt
"D27, D28, D29, D30, D31, D32, D33, D34, D35, D36, D37, D38, D39, D40, D41, D42, D43, D44, D45, D46, D47, D48, D49, D50, D51, D52, L_D1, L_D10, L_D11, L_D12, L_D13, L_D14, L_D15, L_D16, L_D17, L_D18, L_D19, L_D2, L_D20, L_D21, L_D22, L_D23, L_D24, L_D25, L_D26, L_D3, L_D4, L_D5, L_D6, L_D7, L_D8, L_D9",52,D,D_0805,,smt
"H_L1, H_L2, H_L3, H_L4, H_L5, H_R1, H_R2, H_R3, H_R4, H_R5",10,MountingHole,MountingHole_2.5mm_Pad_TopBottom,,tht
"IOExp_Pinout_L1, IOExp_Pinout_R1",2,Conn_01x06_Pin,PinHeader_1x06_P2.54mm_Vertical,,tht
"IO_L1, IO_R1",2,TCA8418RTWR,QFN50P400X400X80-25N,,smt
"JP_L1, JP_R1",2,SolderJumper_2_Open,SolderJumper-2_P1.3mm_Open_TrianglePad1.0x1.5mm,,tht
"JP_L2, JP_R2",2,SolderJumper_3_Bridged12,SolderJumper-3_P1.3mm_Bridged12_RoundedPad1.0x1.5mm,,tht
"LED_L1, LED_L10, LED_L11, LED_L12, LED_L13, LED_L14, LED_L15, LED_L16, LED_L17, LED_L18, LED_L19, LED_L2, LED_L20, LED_L21, LED_L22, LED_L23, LED_L24, LED_L25, LED_L26, LED_L3, LED_L4, LED_L5, LED_L6, LED_L7, LED_L8, LED_L9, LED_R1, LED_R10, LED_R11, LED_R12, LED_R13, LED_R14, LED_R15, LED_R16, LED_R17, LED_R18, LED_R19, LED_R2, LED_R20, LED_R21, LED_R22, LED_R23, LED_R24, LED_R25, LED_R26, LED_R3, LED_R4, LED_R5, LED_R6, LED_R7, LED_R8, LED_R9",52,SK6812MINI-E,SK6812-MINI-E,,tht
"L_SW1, L_SW10, L_SW11, L_SW12, L_SW13, L_SW14, L_SW15, L_SW16, L_SW17, L_SW18, L_SW19, L_SW2, L_SW20, L_SW21, L_SW22, L_SW23, L_SW24, L_SW25, L_SW26, L_SW3, L_SW4, L_SW5, L_SW6, L_SW7, L_SW8, L_SW9, R_SW1, R_SW10, R_SW11, R_SW12, R_SW13, R_SW14, R_SW15, R_SW16, R_SW17, R_SW18, R_SW19, R_SW2, R_SW20, R_SW21, R_SW22, R_SW23, R_SW24, R_SW25, R_SW26, R_SW3, R_SW4, R_SW5, R_SW6, R_SW7, R_SW8, R_SW9",52,L_SW,SW_Hotswap_Kailh_Choc_V1V2_Plated_1.00u,,smt
"S3_Pinout_L1, S3_Pinout_R1",2,Conn_01x10_Pin,PinHeader_1x10_P2.54mm_Vertical,,tht
"SW_L1, SW_R1",2,PCM13SMTR,PCM13SMTR,,tht
"T-Display-S3_L1, T-Display-S3_R1",2,T-Display-S3,T-Display-S3,,smt
"TRRS_L1, TRRS_L2, TRRS_R1, TRRS_R2",4,PRT-12639,TRRS-PJ-320A,,tht
