﻿pos_x,pos_y,rotation,side,designator,mpn,pack,value,mount_type,place
37.963193,-114.100931,0.0,top,H_L1,,MountingHole_2.5mm_Pad_TopBottom,MountingHole,tht,True
38.963193,-21.100931,0.0,top,H_L2,,MountingHole_2.5mm_Pad_TopBottom,MountingHole,tht,True
178.963193,-21.100931,0.0,top,H_L3,,MountingHole_2.5mm_Pad_TopBottom,MountingHole,tht,True
166.963193,-69.100931,0.0,top,H_L4,,MountingHole_2.5mm_Pad_TopBottom,MountingHole,tht,True
175.963193,-114.100931,0.0,top,H_L5,,MountingHole_2.5mm_Pad_TopBottom,MountingHole,tht,True
144.963193,-19.350931,0.0,top,H_L6,,MountingHole_2.5mm_Pad_TopBottom,MountingHole,tht,True
337.337892,-114.103888,0.0,top,H_R1,,MountingHole_2.5mm_Pad_TopBottom,MountingHole,tht,True
336.337892,-21.103888,0.0,top,H_R2,,MountingHole_2.5mm_Pad_TopBottom,MountingHole,tht,True
196.337892,-21.103888,0.0,top,H_R3,,MountingHole_2.5mm_Pad_TopBottom,MountingHole,tht,True
208.337892,-69.103888,0.0,top,H_R4,,MountingHole_2.5mm_Pad_TopBottom,MountingHole,tht,True
199.337892,-114.103888,0.0,top,H_R5,,MountingHole_2.5mm_Pad_TopBottom,MountingHole,tht,True
230.337892,-19.353888,0.0,top,H_R6,,MountingHole_2.5mm_Pad_TopBottom,MountingHole,tht,True
46.968471,-28.385512,0.0,bottom,L_BAT1,,JST_PH_B2B-PH-SM4-TB_02x2.00mm_Straight,Conn_01x02_Socket,smt,True
38.853471,-28.915512,0.0,bottom,L_BAT2,,JST_GH_BM02B-GHS-TBT_02x1.25mm_Straight,Conn_01x02_Socket,smt,True
166.700136,-48.244,0.0,top,L_BAT_EXT1,,JST_PH_B2B-PH-SM4-TB_02x2.00mm_Straight,Conn_01x02_Socket,smt,True
163.825,-54.5084,90.0,top,L_BAT_EXT2,,PinHeader_1x02_P2.54mm_Vertical,Conn_01x02_Socket,tht,True
39.243,-39.243,180.0,bottom,L_C1,,C_0805_2012Metric,10uf,smt,True
145.542,-54.61,0.0,bottom,L_C2,,C_0805_2012Metric,10uf,smt,True
39.243,-77.47,180.0,bottom,L_C3,,C_0805_2012Metric,10uf,smt,True
145.542,-92.583,0.0,bottom,L_C4,,C_0805_2012Metric,10uf,smt,True
161.29,-36.068,90.0,bottom,L_C5,,C_0805_2012Metric,10uf,smt,True
134.8,-35.2875,180.0,bottom,L_D1,,D_0805,D,smt,True
96.7,-49.575,180.0,bottom,L_D10,,D_0805,D,smt,True
115.75,-51.95625,180.0,bottom,L_D11,,D_0805,D,smt,True
134.8,-54.3375,180.0,bottom,L_D12,,D_0805,D,smt,True
134.8,-73.3875,180.0,bottom,L_D13,,D_0805,D,smt,True
115.75,-71.00625,180.0,bottom,L_D14,,D_0805,D,smt,True
96.7,-68.625,180.0,bottom,L_D15,,D_0805,D,smt,True
77.65,-71.00625,180.0,bottom,L_D16,,D_0805,D,smt,True
58.6,-75.76875,180.0,bottom,L_D17,,D_0805,D,smt,True
39.55,-80.6265,180.0,bottom,L_D18,,D_0805,D,smt,True
39.55,-99.6765,180.0,bottom,L_D19,,D_0805,D,smt,True
115.75,-32.90625,180.0,bottom,L_D2,,D_0805,D,smt,True
58.6,-94.81875,180.0,bottom,L_D20,,D_0805,D,smt,True
77.65,-90.05625,180.0,bottom,L_D21,,D_0805,D,smt,True
96.7,-87.675,180.0,bottom,L_D22,,D_0805,D,smt,True
115.75,-90.05625,180.0,bottom,L_D23,,D_0805,D,smt,True
134.8,-92.4375,180.0,bottom,L_D24,,D_0805,D,smt,True
150.414278,-113.259791,150.0,bottom,L_D25,,D_0805,D,smt,True
166.912062,-122.784791,150.0,bottom,L_D26,,D_0805,D,smt,True
96.7,-30.525,180.0,bottom,L_D3,,D_0805,D,smt,True
77.65,-32.90625,180.0,bottom,L_D4,,D_0805,D,smt,True
58.6,-37.66875,180.0,bottom,L_D5,,D_0805,D,smt,True
39.55,-42.5265,180.0,bottom,L_D6,,D_0805,D,smt,True
39.55,-61.5765,180.0,bottom,L_D7,,D_0805,D,smt,True
58.6,-56.71875,180.0,bottom,L_D8,,D_0805,D,smt,True
77.65,-51.95625,180.0,bottom,L_D9,,D_0805,D,smt,True
155.700136,-37.244,90.0,bottom,L_IO1,,QFN50P400X400X80-25N,TCA8418RTWR,smt,True
84.698971,-18.378012,90.0,top,L_IOExp_Pinout1,,PinHeader_1x06_P2.54mm_Vertical,Conn_01x06_Pin,tht,True
175.585971,-102.159637,90.0,top,L_J1,,JST_SMD_1.0mm-4_RA,Qwiic_RA,tht,True
157.443,-92.837,0.0,top,L_JP1,,SolderJumper-2_P1.3mm_Open_TrianglePad1.0x1.5mm,SolderJumper_2_Open,tht,True
131.972971,-18.220012,0.0,top,L_JP2,,SolderJumper-3_P1.3mm_Bridged12_RoundedPad1.0x1.5mm,SolderJumper_3_Bridged12,tht,True
176.3649,-70.104,0.0,bottom,L_JP3,,Jumper_2_NC_Trace_NoSilk,Measure,tht,True
176.4284,-67.564,0.0,bottom,L_JP4,,Jumper_2_NC_Trace_NoSilk,Measure,tht,True
139.8,-32.7875,0.0,top,L_LED1,,SK6812-MINI-E,SK6812MINI-E,tht,True
101.7,-47.075,180.0,top,L_LED10,,SK6812-MINI-E,SK6812MINI-E,tht,True
120.75,-49.45625,180.0,top,L_LED11,,SK6812-MINI-E,SK6812MINI-E,tht,True
139.8,-51.8375,180.0,top,L_LED12,,SK6812-MINI-E,SK6812MINI-E,tht,True
139.8,-70.8875,0.0,top,L_LED13,,SK6812-MINI-E,SK6812MINI-E,tht,True
120.75,-68.50625,0.0,top,L_LED14,,SK6812-MINI-E,SK6812MINI-E,tht,True
101.7,-66.125,0.0,top,L_LED15,,SK6812-MINI-E,SK6812MINI-E,tht,True
82.65,-68.50625,0.0,top,L_LED16,,SK6812-MINI-E,SK6812MINI-E,tht,True
63.6,-73.26875,0.0,top,L_LED17,,SK6812-MINI-E,SK6812MINI-E,tht,True
44.55,-78.1265,0.0,top,L_LED18,,SK6812-MINI-E,SK6812MINI-E,tht,True
44.55,-97.1765,180.0,top,L_LED19,,SK6812-MINI-E,SK6812MINI-E,tht,True
120.75,-30.40625,0.0,top,L_LED2,,SK6812-MINI-E,SK6812MINI-E,tht,True
63.6,-92.31875,180.0,top,L_LED20,,SK6812-MINI-E,SK6812MINI-E,tht,True
82.65,-87.55625,180.0,top,L_LED21,,SK6812-MINI-E,SK6812MINI-E,tht,True
101.7,-85.175,180.0,top,L_LED22,,SK6812-MINI-E,SK6812MINI-E,tht,True
120.75,-87.55625,180.0,top,L_LED23,,SK6812-MINI-E,SK6812MINI-E,tht,True
139.8,-89.9375,180.0,top,L_LED24,,SK6812-MINI-E,SK6812MINI-E,tht,True
155.994404,-113.594727,150.0,top,L_LED25,,SK6812-MINI-E,SK6812MINI-E,tht,True
172.492188,-123.119727,150.0,top,L_LED26,,SK6812-MINI-E,SK6812MINI-E,tht,True
101.7,-28.025,0.0,top,L_LED3,,SK6812-MINI-E,SK6812MINI-E,tht,True
82.65,-30.40625,0.0,top,L_LED4,,SK6812-MINI-E,SK6812MINI-E,tht,True
63.6,-35.16875,0.0,top,L_LED5,,SK6812-MINI-E,SK6812MINI-E,tht,True
44.55,-40.0265,0.0,top,L_LED6,,SK6812-MINI-E,SK6812MINI-E,tht,True
44.55,-59.0765,180.0,top,L_LED7,,SK6812-MINI-E,SK6812MINI-E,tht,True
63.6,-54.21875,180.0,top,L_LED8,,SK6812-MINI-E,SK6812MINI-E,tht,True
82.65,-49.45625,180.0,top,L_LED9,,SK6812-MINI-E,SK6812MINI-E,tht,True
160.147,-38.862,180.0,bottom,L_R1,,R_0805_2012Metric,10k,smt,True
163.703,-36.068,90.0,bottom,L_R2,,R_0805_2012Metric,10k,smt,True
102.478971,-18.378012,90.0,top,L_S3_Pinout1,,PinHeader_1x10_P2.54mm_Vertical,Conn_01x10_Pin,tht,True
139.3,-39.2875,0.0,top,L_SW1,,SW_Hotswap_Kailh_Choc_V1V2_Plated_1.00u,L_SW,smt,True
101.2,-53.575,0.0,top,L_SW10,,SW_Hotswap_Kailh_Choc_V1V2_Plated_1.00u,L_SW,smt,True
120.25,-55.95625,0.0,top,L_SW11,,SW_Hotswap_Kailh_Choc_V1V2_Plated_1.00u,L_SW,smt,True
139.3,-58.3375,0.0,top,L_SW12,,SW_Hotswap_Kailh_Choc_V1V2_Plated_1.00u,L_SW,smt,True
139.3,-77.3875,0.0,top,L_SW13,,SW_Hotswap_Kailh_Choc_V1V2_Plated_1.00u,L_SW,smt,True
120.25,-75.00625,0.0,top,L_SW14,,SW_Hotswap_Kailh_Choc_V1V2_Plated_1.00u,L_SW,smt,True
101.2,-72.625,0.0,top,L_SW15,,SW_Hotswap_Kailh_Choc_V1V2_Plated_1.00u,L_SW,smt,True
82.15,-75.00625,0.0,top,L_SW16,,SW_Hotswap_Kailh_Choc_V1V2_Plated_1.00u,L_SW,smt,True
63.1,-79.76875,0.0,top,L_SW17,,SW_Hotswap_Kailh_Choc_V1V2_Plated_1.00u,L_SW,smt,True
44.05,-84.6265,0.0,top,L_SW18,,SW_Hotswap_Kailh_Choc_V1V2_Plated_1.00u,L_SW,smt,True
44.05,-103.6765,0.0,top,L_SW19,,SW_Hotswap_Kailh_Choc_V1V2_Plated_1.00u,L_SW,smt,True
120.25,-36.90625,0.0,top,L_SW2,,SW_Hotswap_Kailh_Choc_V1V2_Plated_1.00u,L_SW,smt,True
63.1,-98.81875,0.0,top,L_SW20,,SW_Hotswap_Kailh_Choc_V1V2_Plated_1.00u,L_SW,smt,True
82.15,-94.05625,0.0,top,L_SW21,,SW_Hotswap_Kailh_Choc_V1V2_Plated_1.00u,L_SW,smt,True
101.2,-91.675,0.0,top,L_SW22,,SW_Hotswap_Kailh_Choc_V1V2_Plated_1.00u,L_SW,smt,True
120.25,-94.05625,0.0,top,L_SW23,,SW_Hotswap_Kailh_Choc_V1V2_Plated_1.00u,L_SW,smt,True
139.3,-96.4375,0.0,top,L_SW24,,SW_Hotswap_Kailh_Choc_V1V2_Plated_1.00u,L_SW,smt,True
152.311392,-118.973892,-30.0,top,L_SW25,,SW_Hotswap_Kailh_Choc_V1V2_Plated_1.00u,L_SW,smt,True
168.809176,-128.498892,-30.0,top,L_SW26,,SW_Hotswap_Kailh_Choc_V1V2_Plated_1.00u,L_SW,smt,True
101.2,-34.525,0.0,top,L_SW3,,SW_Hotswap_Kailh_Choc_V1V2_Plated_1.00u,L_SW,smt,True
82.15,-36.90625,0.0,top,L_SW4,,SW_Hotswap_Kailh_Choc_V1V2_Plated_1.00u,L_SW,smt,True
63.1,-41.66875,0.0,top,L_SW5,,SW_Hotswap_Kailh_Choc_V1V2_Plated_1.00u,L_SW,smt,True
44.05,-46.5265,0.0,top,L_SW6,,SW_Hotswap_Kailh_Choc_V1V2_Plated_1.00u,L_SW,smt,True
44.05,-65.5765,0.0,top,L_SW7,,SW_Hotswap_Kailh_Choc_V1V2_Plated_1.00u,L_SW,smt,True
63.1,-60.71875,0.0,top,L_SW8,,SW_Hotswap_Kailh_Choc_V1V2_Plated_1.00u,L_SW,smt,True
82.15,-55.95625,0.0,top,L_SW9,,SW_Hotswap_Kailh_Choc_V1V2_Plated_1.00u,L_SW,smt,True
58.585971,-19.159637,0.0,bottom,L_SWB1,,PCM13SMTR,PCM13SMTR,tht,True
155.700136,-42.164,180.0,top,L_T-Display-S3,,T-Display-S3,T-Display-S3,smt,True
148.0312,-28.3972,180.0,bottom,L_TP_GND1,,TestPoint-1.25mm,1.25mm,tht,True
161.036,-42.164,180.0,bottom,L_TP_INT1,,TestPoint-1.25mm,1.25mm,tht,True
143.002,-28.3972,180.0,bottom,L_TP_LEDOUT1,,TestPoint-1.25mm,1.25mm,tht,True
165.7604,-35.1536,180.0,bottom,L_TP_RST1,,TestPoint-1.25mm,1.25mm,tht,True
145.4912,-28.3972,180.0,bottom,L_TP_VCC1,,TestPoint-1.25mm,1.25mm,tht,True
327.966071,-28.386991,0.0,bottom,R_BAT1,,JST_PH_B2B-PH-SM4-TB_02x2.00mm_Straight,Conn_01x02_Socket,smt,True
336.078071,-28.916991,0.0,bottom,R_BAT2,,JST_GH_BM02B-GHS-TBT_02x1.25mm_Straight,Conn_01x02_Socket,smt,True
208.208935,-48.241116,0.0,top,R_BAT_EXT1,,JST_PH_B2B-PH-SM4-TB_02x2.00mm_Straight,Conn_01x02_Socket,smt,True
208.534,-54.5084,90.0,top,R_BAT_EXT2,,PinHeader_1x02_P2.54mm_Vertical,Conn_01x02_Socket,tht,True
336.042,-42.926,0.0,bottom,R_C1,,C_0805_2012Metric,10uf,smt,True
229.809,-50.927,180.0,bottom,R_C2,,C_0805_2012Metric,10uf,smt,True
336.042,-80.899,0.0,bottom,R_C3,,C_0805_2012Metric,10uf,smt,True
229.87,-89.027,180.0,bottom,R_C4,,C_0805_2012Metric,10uf,smt,True
213.868,-38.227,-90.0,bottom,R_C5,,C_0805_2012Metric,10uf,smt,True
230.05,-35.2875,180.0,bottom,R_D1,,D_0805,D,smt,True
268.15,-49.575,180.0,bottom,R_D10,,D_0805,D,smt,True
249.1,-52.051499,180.0,bottom,R_D11,,D_0805,D,smt,True
230.05,-54.3375,180.0,bottom,R_D12,,D_0805,D,smt,True
230.05,-73.3875,180.0,bottom,R_D13,,D_0805,D,smt,True
249.1,-71.1015,180.0,bottom,R_D14,,D_0805,D,smt,True
268.15,-68.625,180.0,bottom,R_D15,,D_0805,D,smt,True
287.2,-71.1015,180.0,bottom,R_D16,,D_0805,D,smt,True
306.25,-75.864,180.0,bottom,R_D17,,D_0805,D,smt,True
325.3,-80.6265,180.0,bottom,R_D18,,D_0805,D,smt,True
325.3,-99.6765,180.0,bottom,R_D19,,D_0805,D,smt,True
249.1,-33.0015,180.0,bottom,R_D2,,D_0805,D,smt,True
306.25,-94.914,180.0,bottom,R_D20,,D_0805,D,smt,True
287.2,-90.1515,180.0,bottom,R_D21,,D_0805,D,smt,True
268.15,-87.675,180.0,bottom,R_D22,,D_0805,D,smt,True
249.1,-90.1515,180.0,bottom,R_D23,,D_0805,D,smt,True
230.05,-92.4375,180.0,bottom,R_D24,,D_0805,D,smt,True
215.832319,-118.482748,-150.0,bottom,R_D25,,D_0805,D,smt,True
199.347719,-128.007748,-150.0,bottom,R_D26,,D_0805,D,smt,True
268.15,-30.525,180.0,bottom,R_D3,,D_0805,D,smt,True
287.2,-33.0015,180.0,bottom,R_D4,,D_0805,D,smt,True
306.25,-37.764,180.0,bottom,R_D5,,D_0805,D,smt,True
325.3,-42.5265,180.0,bottom,R_D6,,D_0805,D,smt,True
325.3,-61.5765,180.0,bottom,R_D7,,D_0805,D,smt,True
306.25,-56.814,180.0,bottom,R_D8,,D_0805,D,smt,True
287.2,-52.051499,180.0,bottom,R_D9,,D_0805,D,smt,True
219.208935,-37.241116,-90.0,bottom,R_IO1,,QFN50P400X400X80-25N,TCA8418RTWR,smt,True
290.365119,-18.379491,-90.0,top,R_IOExp_Pinout1,,PinHeader_1x06_P2.54mm_Vertical,Conn_01x06_Pin,tht,True
199.347071,-102.161116,-90.0,top,R_J1,,JST_SMD_1.0mm-4_RA,Qwiic_RA,tht,True
216.347071,-92.161116,180.0,top,R_JP1,,SolderJumper-2_P1.3mm_Open_TrianglePad1.0x1.5mm,SolderJumper_2_Open,tht,True
243.151119,-18.379491,180.0,top,R_JP2,,SolderJumper-3_P1.3mm_Bridged12_RoundedPad1.0x1.5mm,SolderJumper_3_Bridged12,tht,True
217.0049,-70.104,0.0,bottom,R_JP3,,Jumper_2_NC_Trace_NoSilk,Measure,tht,True
217.0049,-67.564,0.0,bottom,R_JP4,,Jumper_2_NC_Trace_NoSilk,Measure,tht,True
235.05,-32.7875,180.0,top,R_LED1,,SK6812-MINI-E,SK6812MINI-E,tht,True
273.15,-47.075,0.0,top,R_LED10,,SK6812-MINI-E,SK6812MINI-E,tht,True
254.1,-49.551499,0.0,top,R_LED11,,SK6812-MINI-E,SK6812MINI-E,tht,True
235.05,-51.8375,0.0,top,R_LED12,,SK6812-MINI-E,SK6812MINI-E,tht,True
235.05,-70.8875,180.0,top,R_LED13,,SK6812-MINI-E,SK6812MINI-E,tht,True
254.1,-68.6015,180.0,top,R_LED14,,SK6812-MINI-E,SK6812MINI-E,tht,True
273.15,-66.125,180.0,top,R_LED15,,SK6812-MINI-E,SK6812MINI-E,tht,True
292.2,-68.6015,180.0,top,R_LED16,,SK6812-MINI-E,SK6812MINI-E,tht,True
311.25,-73.364,180.0,top,R_LED17,,SK6812-MINI-E,SK6812MINI-E,tht,True
330.3,-78.1265,180.0,top,R_LED18,,SK6812-MINI-E,SK6812MINI-E,tht,True
330.3,-97.1765,0.0,top,R_LED19,,SK6812-MINI-E,SK6812MINI-E,tht,True
254.1,-30.5015,180.0,top,R_LED2,,SK6812-MINI-E,SK6812MINI-E,tht,True
311.25,-92.414,0.0,top,R_LED20,,SK6812-MINI-E,SK6812MINI-E,tht,True
292.2,-87.6515,0.0,top,R_LED21,,SK6812-MINI-E,SK6812MINI-E,tht,True
273.15,-85.175,0.0,top,R_LED22,,SK6812-MINI-E,SK6812MINI-E,tht,True
254.1,-87.6515,0.0,top,R_LED23,,SK6812-MINI-E,SK6812MINI-E,tht,True
235.05,-89.9375,0.0,top,R_LED24,,SK6812-MINI-E,SK6812MINI-E,tht,True
218.912446,-113.817684,30.0,top,R_LED25,,SK6812-MINI-E,SK6812MINI-E,tht,True
202.427846,-123.342684,30.0,top,R_LED26,,SK6812-MINI-E,SK6812MINI-E,tht,True
273.15,-28.025,180.0,top,R_LED3,,SK6812-MINI-E,SK6812MINI-E,tht,True
292.2,-30.5015,180.0,top,R_LED4,,SK6812-MINI-E,SK6812MINI-E,tht,True
311.25,-35.264,180.0,top,R_LED5,,SK6812-MINI-E,SK6812MINI-E,tht,True
330.3,-40.0265,180.0,top,R_LED6,,SK6812-MINI-E,SK6812MINI-E,tht,True
330.3,-59.0765,0.0,top,R_LED7,,SK6812-MINI-E,SK6812MINI-E,tht,True
311.25,-54.314,0.0,top,R_LED8,,SK6812-MINI-E,SK6812MINI-E,tht,True
292.2,-49.551499,0.0,top,R_LED9,,SK6812-MINI-E,SK6812MINI-E,tht,True
214.884,-35.56,0.0,bottom,R_R1,,R_0805_2012Metric,10k,smt,True
211.455,-38.227,-90.0,bottom,R_R2,,R_0805_2012Metric,10k,smt,True
272.585119,-18.379491,-90.0,top,R_S3_Pinout1,,PinHeader_1x10_P2.54mm_Vertical,Conn_01x10_Pin,tht,True
234.55,-39.2875,0.0,top,R_SW1,,SW_Hotswap_Kailh_Choc_V1V2_Plated_1.00u,L_SW,smt,True
272.65,-53.575,0.0,top,R_SW10,,SW_Hotswap_Kailh_Choc_V1V2_Plated_1.00u,L_SW,smt,True
253.6,-56.051499,0.0,top,R_SW11,,SW_Hotswap_Kailh_Choc_V1V2_Plated_1.00u,L_SW,smt,True
234.55,-58.3375,0.0,top,R_SW12,,SW_Hotswap_Kailh_Choc_V1V2_Plated_1.00u,L_SW,smt,True
234.55,-77.3875,0.0,top,R_SW13,,SW_Hotswap_Kailh_Choc_V1V2_Plated_1.00u,L_SW,smt,True
253.6,-75.1015,0.0,top,R_SW14,,SW_Hotswap_Kailh_Choc_V1V2_Plated_1.00u,L_SW,smt,True
272.65,-72.625,0.0,top,R_SW15,,SW_Hotswap_Kailh_Choc_V1V2_Plated_1.00u,L_SW,smt,True
291.7,-75.1015,0.0,top,R_SW16,,SW_Hotswap_Kailh_Choc_V1V2_Plated_1.00u,L_SW,smt,True
310.75,-79.864,0.0,top,R_SW17,,SW_Hotswap_Kailh_Choc_V1V2_Plated_1.00u,L_SW,smt,True
329.8,-84.6265,0.0,top,R_SW18,,SW_Hotswap_Kailh_Choc_V1V2_Plated_1.00u,L_SW,smt,True
329.8,-103.6765,0.0,top,R_SW19,,SW_Hotswap_Kailh_Choc_V1V2_Plated_1.00u,L_SW,smt,True
253.6,-37.0015,0.0,top,R_SW2,,SW_Hotswap_Kailh_Choc_V1V2_Plated_1.00u,L_SW,smt,True
310.75,-98.914,0.0,top,R_SW20,,SW_Hotswap_Kailh_Choc_V1V2_Plated_1.00u,L_SW,smt,True
291.7,-94.1515,0.0,top,R_SW21,,SW_Hotswap_Kailh_Choc_V1V2_Plated_1.00u,L_SW,smt,True
272.65,-91.675,0.0,top,R_SW22,,SW_Hotswap_Kailh_Choc_V1V2_Plated_1.00u,L_SW,smt,True
253.6,-94.1515,0.0,top,R_SW23,,SW_Hotswap_Kailh_Choc_V1V2_Plated_1.00u,L_SW,smt,True
234.55,-96.4375,0.0,top,R_SW24,,SW_Hotswap_Kailh_Choc_V1V2_Plated_1.00u,L_SW,smt,True
221.729433,-119.696849,30.0,top,R_SW25,,SW_Hotswap_Kailh_Choc_V1V2_Plated_1.00u,L_SW,smt,True
205.244833,-129.221849,30.0,top,R_SW26,,SW_Hotswap_Kailh_Choc_V1V2_Plated_1.00u,L_SW,smt,True
272.65,-34.525,0.0,top,R_SW3,,SW_Hotswap_Kailh_Choc_V1V2_Plated_1.00u,L_SW,smt,True
291.7,-37.0015,0.0,top,R_SW4,,SW_Hotswap_Kailh_Choc_V1V2_Plated_1.00u,L_SW,smt,True
310.75,-41.764,0.0,top,R_SW5,,SW_Hotswap_Kailh_Choc_V1V2_Plated_1.00u,L_SW,smt,True
329.8,-46.5265,0.0,top,R_SW6,,SW_Hotswap_Kailh_Choc_V1V2_Plated_1.00u,L_SW,smt,True
329.8,-65.5765,0.0,top,R_SW7,,SW_Hotswap_Kailh_Choc_V1V2_Plated_1.00u,L_SW,smt,True
310.75,-60.814,0.0,top,R_SW8,,SW_Hotswap_Kailh_Choc_V1V2_Plated_1.00u,L_SW,smt,True
291.7,-56.051499,0.0,top,R_SW9,,SW_Hotswap_Kailh_Choc_V1V2_Plated_1.00u,L_SW,smt,True
316.452512,-19.161116,0.0,bottom,R_SWB1,,PCM13SMTR,PCM13SMTR,tht,True
196.347071,-42.161116,180.0,top,R_T-Display-S3,,T-Display-S3,T-Display-S3,smt,True
232.26062,-28.3972,180.0,bottom,R_TP_GND1,,TestPoint-1.25mm,1.25mm,tht,True
215.3412,-32.258,180.0,bottom,R_TP_INT1,,TestPoint-1.25mm,1.25mm,tht,True
227.2284,-28.3972,180.0,bottom,R_TP_LEDOUT1,,TestPoint-1.25mm,1.25mm,tht,True
211.4296,-40.7924,180.0,bottom,R_TP_RST1,,TestPoint-1.25mm,1.25mm,tht,True
229.74451,-28.3972,180.0,bottom,R_TP_VCC1,,TestPoint-1.25mm,1.25mm,tht,True
196.347071,-92.161116,90.0,top,R_TRRS1,,TRRS-PJ-320A,PRT-12639,tht,True
178.585971,-92.159637,-90.0,top,TRRS_L1,,TRRS-PJ-320A,PRT-12639,tht,True
145.3896,-26.8732,180.0,bottom,kibuzzard-65EF74B4,,kibuzzard-65EF74B4,G***,tht,False
229.7684,-27.0256,180.0,bottom,kibuzzard-65EF74B4,,kibuzzard-65EF74B4,G***,tht,False
208.026,-103.1748,180.0,bottom,kibuzzard-6602E1CF,,kibuzzard-6602E1CF,G***,tht,False
322.58,-27.2288,0.0,top,kibuzzard-6603142B,,kibuzzard-6603142B,G***,tht,False
54.1528,-27.1272,0.0,top,kibuzzard-6603143E,,kibuzzard-6603143E,G***,tht,False
