﻿designator,quantity,value,pack,mpn,mount_type
"H_L1, H_L2, H_L3, H_L4, H_L5, H_L6, H_R1, H_R2, H_R3, H_R4, H_R5, H_R6",12,MountingHole,MountingHole_2.5mm_Pad_TopBottom,,tht
"L_BAT1, L_BAT_EXT1, R_BAT1, R_BAT_EXT1",4,Conn_01x02_Socket,JST_PH_B2B-PH-SM4-TB_02x2.00mm_Straight,,smt
"L_BAT2, R_BAT2",2,Conn_01x02_Socket,JST_GH_BM02B-GHS-TBT_02x1.25mm_Straight,,smt
"L_BAT_EXT2, R_BAT_EXT2",2,Conn_01x02_Socket,PinHeader_1x02_P2.54mm_Vertical,,tht
"L_C1, L_C2, L_C3, L_C4, L_C5, R_C1, R_C2, R_C3, R_C4, R_C5",10,10uf,C_0805_2012Metric,,smt
"L_D1, L_D10, L_D11, L_D12, L_D13, L_D14, L_D15, L_D16, L_D17, L_D18, L_D19, L_D2, L_D20, L_D21, L_D22, L_D23, L_D24, L_D25, L_D26, L_D3, L_D4, L_D5, L_D6, L_D7, L_D8, L_D9, R_D1, R_D10, R_D11, R_D12, R_D13, R_D14, R_D15, R_D16, R_D17, R_D18, R_D19, R_D2, R_D20, R_D21, R_D22, R_D23, R_D24, R_D25, R_D26, R_D3, R_D4, R_D5, R_D6, R_D7, R_D8, R_D9",52,D,D_0805,,smt
"L_IO1, R_IO1",2,TCA8418RTWR,QFN50P400X400X80-25N,,smt
"L_IOExp_Pinout1, R_IOExp_Pinout1",2,Conn_01x06_Pin,PinHeader_1x06_P2.54mm_Vertical,,tht
"L_J1, R_J1",2,Qwiic_RA,JST_SMD_1.0mm-4_RA,,tht
"L_JP1, R_JP1",2,SolderJumper_2_Open,SolderJumper-2_P1.3mm_Open_TrianglePad1.0x1.5mm,,tht
"L_JP2, R_JP2",2,SolderJumper_3_Bridged12,SolderJumper-3_P1.3mm_Bridged12_RoundedPad1.0x1.5mm,,tht
"L_JP3, L_JP4, R_JP3, R_JP4",4,Measure,Jumper_2_NC_Trace_NoSilk,,tht
"L_LED1, L_LED10, L_LED11, L_LED12, L_LED13, L_LED14, L_LED15, L_LED16, L_LED17, L_LED18, L_LED19, L_LED2, L_LED20, L_LED21, L_LED22, L_LED23, L_LED24, L_LED25, L_LED26, L_LED3, L_LED4, L_LED5, L_LED6, L_LED7, L_LED8, L_LED9, R_LED1, R_LED10, R_LED11, R_LED12, R_LED13, R_LED14, R_LED15, R_LED16, R_LED17, R_LED18, R_LED19, R_LED2, R_LED20, R_LED21, R_LED22, R_LED23, R_LED24, R_LED25, R_LED26, R_LED3, R_LED4, R_LED5, R_LED6, R_LED7, R_LED8, R_LED9",52,SK6812MINI-E,SK6812-MINI-E,,tht
"L_R1, L_R2, R_R1, R_R2",4,10k,R_0805_2012Metric,,smt
"L_S3_Pinout1, R_S3_Pinout1",2,Conn_01x10_Pin,PinHeader_1x10_P2.54mm_Vertical,,tht
"L_SW1, L_SW10, L_SW11, L_SW12, L_SW13, L_SW14, L_SW15, L_SW16, L_SW17, L_SW18, L_SW19, L_SW2, L_SW20, L_SW21, L_SW22, L_SW23, L_SW24, L_SW25, L_SW26, L_SW3, L_SW4, L_SW5, L_SW6, L_SW7, L_SW8, L_SW9, R_SW1, R_SW10, R_SW11, R_SW12, R_SW13, R_SW14, R_SW15, R_SW16, R_SW17, R_SW18, R_SW19, R_SW2, R_SW20, R_SW21, R_SW22, R_SW23, R_SW24, R_SW25, R_SW26, R_SW3, R_SW4, R_SW5, R_SW6, R_SW7, R_SW8, R_SW9",52,L_SW,SW_Hotswap_Kailh_Choc_V1V2_Plated_1.00u,,smt
"L_SWB1, R_SWB1",2,PCM13SMTR,PCM13SMTR,,tht
"L_T-Display-S3, R_T-Display-S3",2,T-Display-S3,T-Display-S3,,smt
"L_TP_GND1, L_TP_INT1, L_TP_LEDOUT1, L_TP_RST1, L_TP_VCC1, R_TP_GND1, R_TP_INT1, R_TP_LEDOUT1, R_TP_RST1, R_TP_VCC1",10,1.25mm,TestPoint-1.25mm,,tht
"R_TRRS1, TRRS_L1",2,PRT-12639,TRRS-PJ-320A,,tht
"kibuzzard-65EF74B4, kibuzzard-65EF74B4",2,G***,kibuzzard-65EF74B4,,tht
kibuzzard-6602E1CF,1,G***,kibuzzard-6602E1CF,,tht
kibuzzard-6603142B,1,G***,kibuzzard-6603142B,,tht
kibuzzard-6603143E,1,G***,kibuzzard-6603143E,,tht
